dataset,setup_size,init_makespan,init_processing,init_energy,init_idle,best_makespan,best_processing,best_energy,best_idle,fitness,best_sequence,iterations,tabu_size
ps4j2m-setup25_1.31_0.63_63321.txt,25,408.00,493.00,8.49,323.00,344.00,493.00,8.38,195.00,0.858571,2 1 4 3,1,20
ps4j2m-setup99_1.26_0.79_59222.txt,99,508.00,398.00,7.15,618.00,412.00,398.00,6.99,426.00,0.869490,3 1 4 2,1,20
ps4j2m-setup99_1.26_0.73_14448.txt,99,607.00,349.00,6.54,865.00,507.00,349.00,6.37,665.00,0.894637,1 2 3 4,1,20
ps4j2m-setup50_1.27_0.72_79727.txt,50,446.00,380.00,6.76,512.00,356.00,380.00,6.61,332.00,0.856114,3 1 2 4,1,20
ps4j2m-setup50_1.22_0.68_23548.txt,50,527.00,475.00,8.40,579.00,446.00,475.00,8.26,417.00,0.887609,3 1 4 2,1,20
ps4j2m-setup25_1.27_0.65_91485.txt,25,357.00,367.00,6.41,347.00,287.00,367.00,6.29,207.00,0.845563,2 1 3 4,1,20
ps4j2m-setup25_1.26_0.79_59222.txt,25,352.00,398.00,6.89,306.00,291.00,398.00,6.79,184.00,0.853313,1 4 2 3,1,20
ps4j2m-setup25_1.22_0.68_23548.txt,25,439.00,475.00,8.25,403.00,370.00,475.00,8.14,265.00,0.871614,3 1 4 2,1,20
ps4j2m-setup125_1.3_0.62_14484.txt,125,822.00,526.00,9.70,1118.00,708.00,526.00,9.51,890.00,0.909447,4 3 2 1,1,20
ps4j2m-setup125_1.31_0.63_63321.txt,125,755.00,493.00,9.06,1017.00,510.00,493.00,8.66,527.00,0.787160,4 2 3 1,1,20
ps4j2m-setup125_1.21_0.7_450.txt,125,563.00,196.00,4.04,930.00,379.00,196.00,3.73,562.00,0.800401,2 4 3 1,1,20
ps4j2m-setup125_1.21_0.7_95287.txt,125,765.00,418.00,7.89,1112.00,521.00,418.00,7.49,624.00,0.797669,1 4 2 3,1,20
ps5j2m-setup125_1.22_0.68_23548.txt,125,843.00,604.00,10.97,1082.00,658.00,604.00,10.66,712.00,0.852619,2 3 5 4 1,1,20
ps5j2m-setup125_1.25_0.64_33919.txt,125,691.00,332.00,6.41,1050.00,519.00,332.00,6.12,706.00,0.844683,4 1 3 5 2,1,20
ps5j2m-setup50_1.24_0.71_48787.txt,50,566.00,522.00,9.21,610.00,418.00,522.00,8.96,314.00,0.806621,2 4 5 1 3,1,20
ps6j2m-setup99_1.23_0.64_41468.txt,99,704.00,396.00,7.44,1012.00,493.00,396.00,7.09,590.00,0.809011,4 3 5 1 2 6,1,20
ps6j2m-setup99_1.23_0.61_98871.txt,99,804.00,600.00,10.84,1008.00,634.00,600.00,10.56,668.00,0.856279,3 1 5 6 4 2,1,20
ps6j2m-setup50_1.27_0.68_86841.txt,50,630.00,595.00,10.47,665.00,437.00,595.00,10.15,279.00,0.839969,1 6 2 4 5 3,3,20
ps6j2m-setup25_1.33_0.65_66217.txt,25,515.00,537.00,9.36,493.00,395.00,537.00,9.16,253.00,0.814702,1 4 5 3 2 6,1,20
ps6j2m-setup125_1.27_0.76_90277.txt,125,909.00,645.00,11.73,1173.00,669.00,645.00,11.33,693.00,0.823165,4 2 6 3 1 5,1,20
ps6j2m-setup25_1.31_0.63_63321.txt,25,594.00,638.00,11.09,550.00,489.00,638.00,10.92,340.00,0.856409,2 4 3 5 1 6,1,20
ps20j2m-setup25_1.24_0.56_80879.txt,25,1351.00,1732.00,1903.43,970.00,1147.00,1732.00,1881.50,562.00,0.917061,5 2 14 20 8 10 9 1 18 12 15 19 16 4 17 11 7 3 6 13,9,15
ps20j2m-setup25_1.25_0.55_38999.txt,25,1596.00,2173.00,2649.91,1019.00,1283.00,2173.00,2612.62,393.00,0.893552,3 12 19 15 11 14 16 7 20 18 6 1 10 5 13 2 8 9 17 4,11,15
ps20j2m-setup99_1.28_0.65_49292.txt,99,2200.00,1715.00,2203.90,2685.00,1327.00,1715.00,2099.87,939.00,0.885228,12 8 5 10 15 2 17 18 20 11 7 14 16 9 19 3 13 1 4 6,29,15
ps20j2m-setup99_1.08_0.59_57394.txt,99,2244.00,1891.00,2400.30,2597.00,1509.00,1891.00,2313.33,1127.00,0.905816,9 5 13 17 7 4 3 16 14 19 12 20 11 18 8 10 2 6 15 1,83,15
ps20j2m-setup25_1.37_0.79_84074.txt,25,1548.00,1943.00,2237.59,1153.00,1234.00,1943.00,2202.53,525.00,0.917326,1 14 8 20 17 12 18 13 16 15 6 10 11 7 3 5 2 19 4 9,15,15
ps20j2m-setup25_1.35_0.83_93184.txt,25,1550.00,2121.00,2488.50,979.00,1273.00,2121.00,2456.87,425.00,0.914312,20 2 8 1 3 6 16 15 5 14 18 11 17 10 9 12 7 4 13 19,32,15
ps50j2m-setup125_1.21_0.77_47315.txt,125,6178.00,4766.00,5606.55,7590.00,3874.00,4766.00,5355.03,2982.00,0.922349,29 23 2 24 48 5 44 40 22 30 19 50 6 35 18 25 28 36 12 4 32 17 43 27 39 11 21 33 46 41 7 31 26 15 16 13 47 49 45 37 34 1 9 38 42 20 8 14 3 10,350,15
ps50j2m-setup125_1.26_0.56_51577.txt,125,6512.00,5548.00,7235.92,7476.00,4381.00,5548.00,6974.87,3214.00,0.929808,11 48 29 33 22 10 8 42 17 9 49 23 28 50 40 37 24 25 32 26 13 43 3 2 5 38 45 47 44 34 35 16 46 1 30 6 7 39 36 41 4 31 12 21 20 15 14 27 18 19,145,15
ps50j2m-setup25_1.34_0.84_55549.txt,25,3372.00,4794.00,5391.42,1950.00,2799.00,4794.00,5328.39,804.00,0.941060,1 28 4 20 27 12 48 21 31 5 8 29 43 6 32 41 26 25 39 14 18 33 30 47 16 50 13 49 40 34 19 37 24 36 42 38 7 10 17 2 44 46 23 45 11 3 15 35 22 9,93,15
ps50j2m-setup25_1.35_0.83_93184.txt,25,3191.00,4265.00,4993.88,2117.00,2550.00,4265.00,4920.70,835.00,0.925128,40 6 24 48 25 14 28 8 19 26 30 4 23 21 27 5 45 16 2 39 9 44 35 20 33 50 37 11 38 3 15 43 10 32 7 22 34 29 1 17 49 46 42 41 36 31 47 12 18 13,59,15
ps50j2m-setup50_1.08_0.59_57394.txt,50,4101.00,4787.00,5855.81,3415.00,3047.00,4787.00,5731.09,1307.00,0.935912,15 45 17 38 42 9 16 47 32 40 36 44 24 39 22 49 20 31 5 10 6 27 7 4 13 34 2 18 50 46 11 48 33 14 37 1 43 19 8 41 3 21 25 26 30 23 28 29 12 35,837,15
ps50j2m-setup50_1.18_0.64_28134.txt,50,4423.00,5146.00,5553.60,3700.00,3301.00,5146.00,5436.72,1456.00,0.939020,22 50 25 19 5 36 28 46 2 24 32 35 34 39 29 8 49 16 30 17 4 47 10 45 20 7 48 33 12 15 31 41 11 23 40 44 18 27 43 13 9 21 3 38 14 6 42 1 26 37,332,15
ps50j2m-setup99_1.34_0.73_65114.txt,99,5620.00,4931.00,6303.84,6309.00,4022.00,4931.00,6110.75,3113.00,0.935691,47 13 24 11 20 7 49 17 2 36 19 35 43 44 15 4 14 41 45 40 29 27 37 1 16 9 3 32 39 34 23 25 48 38 8 50 12 18 31 6 21 5 33 30 42 10 28 22 26 46,36,15
ps50j2m-setup99_1.35_0.83_93184.txt,99,5397.00,5293.00,6343.17,5501.00,3977.00,5293.00,6181.05,2661.00,0.933988,46 27 40 45 26 12 13 5 33 41 29 44 20 3 8 42 19 31 35 43 7 28 16 11 50 47 39 49 38 23 6 37 24 21 1 36 2 22 48 30 18 17 14 32 10 25 9 4 15 34,115,15
ps80j2m-setup50_1.16_0.69_25739.txt,50,6558.00,7794.00,8799.80,5322.00,5005.00,7794.00,8630.26,2216.00,0.948190,30 12 2 37 23 75 40 60 48 19 22 76 29 15 66 39 18 46 4 3 9 68 72 5 57 49 67 47 70 17 42 69 26 61 79 27 50 80 13 8 34 71 24 38 54 45 14 7 55 25 33 16 31 64 43 74 62 1 51 11 41 36 52 21 78 44 73 35 28 20 77 53 56 65 32 59 58 63 6 10,226,10
ps80j2m-setup50_1.25_0.55_38999.txt,50,6800.00,8535.00,10471.61,5065.00,5522.00,8535.00,10319.32,2509.00,0.951545,44 45 5 35 21 17 73 10 22 76 34 19 1 27 51 32 55 49 14 24 66 26 63 36 16 37 80 42 31 75 60 58 33 53 61 25 54 59 69 3 70 29 67 23 40 30 71 9 28 41 68 38 64 72 46 12 43 50 78 13 74 8 77 20 7 39 57 62 2 48 11 65 52 56 4 47 6 15 79 18,41,10
ps80j2m-setup99_1.12_0.71_16039.txt,99,8599.00,7812.00,9320.74,9386.00,5881.00,7812.00,9014.96,3950.00,0.939330,5 48 3 75 15 1 31 19 25 26 68 49 67 50 23 32 80 62 2 12 60 18 21 24 79 29 33 40 17 70 74 11 20 77 42 4 71 53 45 39 30 59 36 72 55 34 37 76 64 22 16 61 13 8 43 65 73 56 28 54 51 52 7 9 41 47 14 10 44 57 78 46 35 58 69 27 38 63 6 66,862,10
ps80j2m-setup50_1.28_0.65_49292.txt,50,6437.00,8219.00,10073.96,4655.00,5301.00,8219.00,9938.58,2383.00,0.955386,51 27 55 79 70 5 50 52 75 14 7 30 42 63 76 66 33 36 15 74 37 28 65 44 54 71 32 6 35 23 38 46 69 20 17 1 11 40 10 61 64 67 12 72 47 78 9 2 34 19 56 3 57 48 59 16 43 26 62 21 49 18 25 58 73 60 13 68 31 29 8 41 4 77 45 22 39 24 53 80,145,10
ps120j2m-setup99_1.11_0.7_94877.txt,99,12794.00,12117.00,15001.11,13471.00,9061.00,12117.00,14565.59,6005.00,0.957316,76 4 19 14 103 81 66 47 43 73 94 9 112 78 75 68 37 67 87 6 65 63 10 64 22 16 21 101 27 56 80 82 119 28 74 41 11 31 17 20 30 25 54 72 2 110 97 45 69 36 107 96 83 115 62 61 51 70 46 79 90 93 13 39 100 105 91 48 7 71 55 120 50 3 12 1 33 60 118 108 57 5 84 109 114 42 26 49 38 117 111 40 32 23 53 89 35 44 24 8 102 98 106 29 116 34 85 104 77 113 92 99 58 15 95 52 18 88 86 59,230,10
ps120j2m-setup50_1.25_0.74_73248.txt,50,9501.00,11645.00,13750.89,7357.00,7565.00,11645.00,13528.25,3485.00,0.960534,46 61 15 116 16 108 91 44 93 58 28 19 43 73 21 35 72 52 30 49 68 36 79 22 12 97 81 115 80 118 32 33 98 82 102 54 119 56 31 65 57 10 29 1 14 101 39 17 53 64 24 41 9 63 78 84 13 100 40 88 120 5 83 51 94 67 47 6 87 104 74 27 89 48 76 99 111 109 4 62 75 70 2 112 42 77 103 20 59 106 18 3 11 60 107 105 96 34 66 50 113 23 86 92 26 69 8 117 45 71 55 25 110 38 114 90 37 7 85 95,346,10
ps120j2m-setup25_1.23_0.63_42700.txt,25,8462.00,12419.00,14220.45,4505.00,7155.00,12419.00,14073.41,1891.00,0.959872,67 32 58 86 31 77 101 69 114 75 57 91 78 1 112 93 55 13 43 94 59 34 85 97 66 60 95 38 18 107 88 72 111 81 116 82 3 36 106 4 115 26 98 20 19 8 76 71 50 80 41 24 120 83 27 16 11 90 103 49 39 54 45 17 48 40 110 96 10 99 89 56 22 118 102 70 108 74 30 62 113 51 35 23 79 119 42 64 117 5 68 2 21 7 6 14 100 87 37 63 25 92 61 12 33 29 9 15 105 84 109 46 104 28 47 65 53 73 44 52,160,10
ps120j2m-setup25_1.19_0.62_75830.txt,25,8295.00,12028.00,14406.06,4562.00,6983.00,12028.00,14251.90,1938.00,0.953963,80 16 100 96 34 97 36 3 41 59 115 109 64 54 33 47 17 69 111 8 103 57 75 106 18 67 89 113 39 5 119 51 78 42 37 72 101 19 79 93 85 25 65 48 94 9 71 13 20 116 90 60 7 21 66 73 6 52 10 62 98 82 26 104 27 29 68 84 58 83 45 32 92 76 55 14 63 40 110 108 102 38 81 114 24 117 53 95 49 12 44 120 91 105 4 28 11 46 56 77 118 74 22 86 43 87 2 70 30 15 31 35 88 112 99 23 1 61 50 107,61,10
ps120j2m-setup25_1.16_0.51_95902.txt,25,7841.00,11585.00,13653.53,4097.00,6721.00,11585.00,13523.80,1857.00,0.953180,87 5 60 91 38 67 82 111 54 66 68 98 27 18 84 20 19 10 36 71 26 70 110 1 34 101 40 39 113 44 57 30 116 92 14 117 55 112 42 62 9 88 102 105 72 89 64 48 17 4 85 51 21 47 8 59 80 33 46 77 78 69 16 43 31 11 24 86 22 7 75 96 56 61 104 73 106 108 115 100 58 6 53 52 99 63 12 49 83 114 74 15 37 76 25 93 45 97 41 3 119 50 28 109 118 23 120 79 29 13 94 65 81 32 90 107 35 2 95 103,236,10
ps120j2m-setup25_1.14_0.66_3960.txt,25,8226.00,12240.00,15100.52,4212.00,7124.00,12240.00,14967.37,2008.00,0.964989,96 6 87 55 101 45 41 109 82 35 37 114 118 103 12 31 3 27 89 54 53 76 68 67 49 63 20 112 38 5 73 90 48 16 80 2 46 26 93 94 18 110 74 75 22 43 98 106 71 1 86 70 65 28 108 92 77 34 39 52 81 13 91 83 66 97 79 21 29 15 40 17 120 59 62 64 119 24 51 33 30 107 61 56 117 57 113 4 10 99 69 25 115 84 95 11 111 9 72 23 7 60 44 85 116 100 47 78 58 19 14 50 8 105 36 32 102 42 104 88,72,10
ps120j2m-setup25_1.14_0.52_49633.txt,25,8027.00,11991.00,13931.99,4063.00,6934.00,11991.00,13807.20,1877.00,0.959711,59 103 5 55 13 52 29 117 97 73 99 47 14 100 27 118 49 68 111 110 45 67 88 16 105 20 65 94 39 2 112 95 54 62 85 46 26 17 34 23 1 72 75 51 50 22 76 90 84 11 120 42 79 8 53 101 89 66 91 24 25 33 60 106 64 115 83 21 32 108 6 63 40 7 69 37 58 92 56 87 104 15 71 38 41 107 81 10 96 113 114 31 35 109 30 77 28 102 18 43 93 48 12 78 36 80 119 86 74 57 19 4 98 44 61 70 3 116 9 82,129,10
ps120j2m-setup125_1.3_0.79_68968.txt,125,14273.00,11479.00,14918.37,17067.00,10122.00,11479.00,14416.79,8765.00,0.952955,50 56 9 58 112 72 105 45 52 21 33 2 48 117 64 79 110 16 11 92 111 60 81 104 99 14 42 39 53 65 29 107 71 13 95 70 74 101 4 55 75 26 18 63 1 7 30 86 37 28 103 114 19 109 100 83 106 41 17 115 49 57 59 76 116 62 46 32 3 43 91 34 24 118 97 44 25 85 78 54 31 61 40 98 68 93 66 80 20 22 27 102 96 6 10 15 90 82 8 87 94 108 89 67 77 35 113 120 84 119 51 36 69 12 5 23 38 47 88 73,70,10
ps120j2m-setup125_1.23_0.63_42700.txt,125,15224.00,11811.00,14329.41,18637.00,9677.00,11811.00,13705.37,7543.00,0.950238,63 48 52 21 40 50 70 90 30 45 78 110 41 118 102 92 69 49 115 53 81 113 95 91 68 2 71 43 27 38 74 77 73 76 42 54 56 29 26 109 46 18 55 33 28 1 4 89 75 67 19 58 62 108 16 8 84 111 44 104 120 23 22 101 112 39 87 99 83 94 47 100 51 98 59 103 9 82 6 97 10 64 15 13 79 36 86 85 32 72 105 35 96 20 88 7 24 93 65 60 34 106 114 5 116 31 11 37 80 17 25 119 57 66 12 14 3 107 61 117,154,10
ps120j2m-setup125_1.18_0.64_28134.txt,125,14130.00,12061.00,13413.53,16199.00,10081.00,12061.00,12991.76,8101.00,0.956153,89 35 120 39 100 54 10 105 49 102 71 45 46 18 4 22 81 86 75 48 79 87 42 9 114 113 11 57 28 95 111 65 47 21 34 55 98 16 58 36 110 91 56 90 77 27 26 99 66 7 5 12 64 3 118 43 13 52 108 32 84 33 70 115 107 51 8 97 101 24 38 63 74 20 88 116 60 29 85 82 2 23 25 76 69 93 19 30 119 31 117 50 109 67 68 94 62 72 73 112 80 17 78 92 1 61 83 104 96 14 44 37 53 40 41 6 59 103 15 106,155,10
ps120j2m-setup125_1.13_0.63_69231.txt,125,14330.00,12330.00,14641.10,16330.00,10253.00,12330.00,14189.23,8176.00,0.959360,31 112 52 104 64 25 72 48 27 96 46 4 29 71 40 115 45 102 70 44 7 19 36 79 68 76 1 9 62 37 82 17 56 6 30 110 5 109 81 94 77 69 107 12 35 83 98 92 59 120 75 18 58 43 89 24 95 10 53 91 67 78 49 3 8 105 111 80 88 38 42 33 87 22 16 97 108 50 103 14 2 41 90 39 116 86 65 113 21 11 119 23 100 101 20 99 15 34 73 63 66 28 118 26 60 54 51 106 85 13 61 117 47 84 55 114 57 32 93 74,170,10
